{
    "counter": {
        "ACTIVE": 19219,
        "INACTIVE": 1781,
        "INVALID": 0,
        "MALICIOUS": 0,
        "SANE": 0,
        "VALID": 0,
        "total": 21000
    },
    "percentage": {
        "ACTIVE": 91.51904761904763,
        "INACTIVE": 8.502410846421922,
        "INVALID": 0,
        "MALICIOUS": 0,
        "SANE": 0,
        "VALID": 0,
        "total": 100.02145846546955
    }
}