{
    "counter": {
        "ACTIVE": 19836,
        "INACTIVE": 1164,
        "INVALID": 0,
        "MALICIOUS": 0,
        "SANE": 0,
        "VALID": 0,
        "total": 21000
    },
    "percentage": {
        "ACTIVE": 94.45714285714286,
        "INACTIVE": 5.554230090184664,
        "INVALID": 0,
        "MALICIOUS": 0,
        "SANE": 0,
        "VALID": 0,
        "total": 100.01137294732752
    }
}