{
    "counter": {
        "ACTIVE": 18684,
        "INACTIVE": 2316,
        "INVALID": 0,
        "MALICIOUS": 0,
        "SANE": 0,
        "VALID": 0,
        "total": 21000
    },
    "percentage": {
        "ACTIVE": 88.97142857142858,
        "INACTIVE": 11.029096623648746,
        "INVALID": 0,
        "MALICIOUS": 0,
        "SANE": 0,
        "VALID": 0,
        "total": 100.00052519507732
    }
}