{
    "counter": {
        "ACTIVE": 18941,
        "INACTIVE": 2059,
        "INVALID": 0,
        "MALICIOUS": 0,
        "SANE": 0,
        "VALID": 0,
        "total": 21000
    },
    "percentage": {
        "ACTIVE": 90.1952380952381,
        "INACTIVE": 9.80522882042002,
        "INVALID": 0,
        "MALICIOUS": 0,
        "SANE": 0,
        "VALID": 0,
        "total": 100.00046691565811
    }
}