{
    "counter": {
        "ACTIVE": 18170,
        "INACTIVE": 2830,
        "INVALID": 0,
        "MALICIOUS": 0,
        "SANE": 0,
        "VALID": 0,
        "total": 21000
    },
    "percentage": {
        "ACTIVE": 86.52380952380952,
        "INACTIVE": 13.476190476190476,
        "INVALID": 0.0,
        "MALICIOUS": 0.0,
        "SANE": 0.0,
        "VALID": 0.0,
        "total": 100.0
    }
}