{
    "counter": {
        "ACTIVE": 19032,
        "INACTIVE": 1968,
        "INVALID": 0,
        "MALICIOUS": 0,
        "SANE": 0,
        "VALID": 0,
        "total": 21000
    },
    "percentage": {
        "ACTIVE": 90.62857142857143,
        "INACTIVE": 9.39514011552967,
        "INVALID": 0,
        "MALICIOUS": 0,
        "SANE": 0,
        "VALID": 0,
        "total": 100.0237115441011
    }
}