{
    "counter": {
        "ACTIVE": 17230,
        "INACTIVE": 3769,
        "INVALID": 1,
        "MALICIOUS": 0,
        "SANE": 0,
        "VALID": 0,
        "total": 21000
    },
    "percentage": {
        "ACTIVE": 82.04761904761905,
        "INACTIVE": 17.977581683758647,
        "INVALID": 0.005863726984871584,
        "MALICIOUS": 0,
        "SANE": 0,
        "VALID": 0,
        "total": 100.03106445836256
    }
}