{
    "counter": {
        "ACTIVE": 18787,
        "INACTIVE": 2212,
        "INVALID": 1,
        "MALICIOUS": 0,
        "SANE": 0,
        "VALID": 0,
        "total": 21000
    },
    "percentage": {
        "ACTIVE": 89.4704257548338,
        "INACTIVE": 10.533333333333333,
        "INVALID": 0.006529972574115189,
        "MALICIOUS": 0,
        "SANE": 0,
        "VALID": 0,
        "total": 100.01028906074124
    }
}