{
    "counter": {
        "ACTIVE": 16222,
        "INACTIVE": 4778,
        "INVALID": 0,
        "MALICIOUS": 0,
        "SANE": 0,
        "VALID": 0,
        "total": 21000
    },
    "percentage": {
        "ACTIVE": 77.24761904761905,
        "INACTIVE": 22.753464450688128,
        "INVALID": 0,
        "MALICIOUS": 0,
        "SANE": 0,
        "VALID": 0,
        "total": 100.00108349830718
    }
}