{
    "counter": {
        "ACTIVE": 19437,
        "INACTIVE": 1563,
        "INVALID": 0,
        "MALICIOUS": 0,
        "SANE": 0,
        "VALID": 0,
        "total": 21000
    },
    "percentage": {
        "ACTIVE": 92.5615505500262,
        "INACTIVE": 7.442857142857143,
        "INVALID": 0,
        "MALICIOUS": 0,
        "SANE": 0,
        "VALID": 0,
        "total": 100.00440769288335
    }
}